customer_id,observation_date,age,tenure_years,annual_premium,monthly_income,claims_last_24m,claim_amount_24m,digital_engagement,has_motor_policy,has_health_policy,has_life_policy,homeowner,frequent_traveler,dependents,days_to_renewal,last_campaign_response,web_sessions_30d,call_center_contacts_90d,payment_delay_days,policy_count,vehicle_age,credit_score,region,payment_method,channel_preference,policy_tier,offer_code,eligible,responded
1,2026-01-25,45,0,12000.0,53994.66,2,25679.93,0.23,0,0,1,0,0,4,241,0,6.0,5,13,3,0.0,676,south,net_banking,agent,silver,family_health,1,0
1,2026-01-25,45,0,12000.0,53994.66,2,25679.93,0.23,0,0,1,0,0,4,241,0,6.0,5,13,3,0.0,676,south,net_banking,agent,silver,critical_illness,1,1
2,2026-06-22,46,18,12000.0,34972.65,0,0.0,0.54,1,0,0,0,0,3,314,0,30.0,7,1,4,9.0,666,north,net_banking,branch,platinum,motor_addon,1,1
2,2026-06-22,46,18,12000.0,34972.65,0,0.0,0.54,1,0,0,0,0,3,314,0,30.0,7,1,4,9.0,666,north,net_banking,branch,platinum,family_health,1,1
3,2025-04-30,50,0,12000.0,60011.55,0,0.0,0.81,1,1,1,0,1,1,192,1,28.0,5,9,3,15.0,834,west,net_banking,branch,gold,motor_addon,1,1
3,2025-04-30,50,0,12000.0,60011.55,0,0.0,0.81,1,1,1,0,1,1,192,1,28.0,5,9,3,15.0,834,west,net_banking,branch,gold,travel_insurance,1,1
3,2025-04-30,50,0,12000.0,60011.55,0,0.0,0.81,1,1,1,0,1,1,192,1,28.0,5,9,3,15.0,834,west,net_banking,branch,gold,critical_illness,1,1
3,2025-04-30,50,0,12000.0,60011.55,0,0.0,0.81,1,1,1,0,1,1,192,1,28.0,5,9,3,15.0,834,west,net_banking,branch,gold,wellness_app,1,1
4,2025-04-05,45,11,12000.0,47384.63,4,40097.88,0.61,1,0,1,0,1,1,17,0,11.0,5,2,1,13.0,659,east,credit_card,web,silver,motor_addon,1,1
4,2025-04-05,45,11,12000.0,47384.63,4,40097.88,0.61,1,0,1,0,1,1,17,0,11.0,5,2,1,13.0,659,east,credit_card,web,silver,family_health,1,1
4,2025-04-05,45,11,12000.0,47384.63,4,40097.88,0.61,1,0,1,0,1,1,17,0,11.0,5,2,1,13.0,659,east,credit_card,web,silver,travel_insurance,1,1
4,2025-04-05,45,11,12000.0,47384.63,4,40097.88,0.61,1,0,1,0,1,1,17,0,11.0,5,2,1,13.0,659,east,credit_card,web,silver,critical_illness,1,0
4,2025-04-05,45,11,12000.0,47384.63,4,40097.88,0.61,1,0,1,0,1,1,17,0,11.0,5,2,1,13.0,659,east,credit_card,web,silver,renewal_outreach,1,0
5,2026-01-22,58,2,12000.0,62358.57,4,78749.65,0.2,0,1,0,0,1,3,307,0,23.0,4,8,3,0.0,608,south,upi,branch,silver,travel_insurance,1,1
5,2026-01-22,58,2,12000.0,62358.57,4,78749.65,0.2,0,1,0,0,1,3,307,0,23.0,4,8,3,0.0,608,south,upi,branch,silver,wellness_app,1,0
6,2026-08-30,54,9,12000.0,37650.54,0,0.0,0.26,1,0,1,0,0,1,185,0,15.0,0,20,1,4.0,781,north,credit_card,mobile,platinum,motor_addon,1,1
6,2026-08-30,54,9,12000.0,37650.54,0,0.0,0.26,1,0,1,0,0,1,185,0,15.0,0,20,1,4.0,781,north,credit_card,mobile,platinum,family_health,1,0
6,2026-08-30,54,9,12000.0,37650.54,0,0.0,0.26,1,0,1,0,0,1,185,0,15.0,0,20,1,4.0,781,north,credit_card,mobile,platinum,critical_illness,1,1
7,2025-10-15,26,20,12000.0,24870.62,0,0.0,,1,0,1,0,0,0,363,0,31.0,0,25,1,2.0,682,north,net_banking,mobile,gold,motor_addon,1,0
7,2025-10-15,26,20,12000.0,24870.62,0,0.0,,1,0,1,0,0,0,363,0,31.0,0,25,1,2.0,682,north,net_banking,mobile,gold,critical_illness,1,0
8,2026-03-20,60,8,12000.0,30355.5,0,0.0,0.33,0,0,0,1,0,0,230,1,14.0,6,5,2,0.0,836,south,,,gold,home_insurance,1,1
9,2026-06-27,65,6,12000.0,30945.52,1,1530.11,0.34,0,1,1,1,0,3,185,1,13.0,5,20,4,0.0,604,north,auto_debit,agent,platinum,home_insurance,1,1
9,2026-06-27,65,6,12000.0,30945.52,1,1530.11,0.34,0,1,1,1,0,3,185,1,13.0,5,20,4,0.0,604,north,auto_debit,agent,platinum,wellness_app,1,1
10,2026-04-05,46,8,12000.0,59973.48,2,15153.97,0.09,0,1,1,1,0,0,28,0,0.0,1,1,4,0.0,598,north,auto_debit,web,silver,home_insurance,1,0
10,2026-04-05,46,8,12000.0,59973.48,2,15153.97,0.09,0,1,1,1,0,0,28,0,0.0,1,1,4,0.0,598,north,auto_debit,web,silver,critical_illness,1,1
10,2026-04-05,46,8,12000.0,59973.48,2,15153.97,0.09,0,1,1,1,0,0,28,0,0.0,1,1,4,0.0,598,north,auto_debit,web,silver,wellness_app,1,1
10,2026-04-05,46,8,12000.0,59973.48,2,15153.97,0.09,0,1,1,1,0,0,28,0,0.0,1,1,4,0.0,598,north,auto_debit,web,silver,renewal_outreach,1,1
11,2025-04-22,54,12,12000.0,38110.14,4,66474.94,0.39,1,0,0,0,1,0,243,0,16.0,0,1,3,14.0,722,east,net_banking,agent,platinum,motor_addon,1,0
11,2025-04-22,54,12,12000.0,38110.14,4,66474.94,0.39,1,0,0,0,1,0,243,0,16.0,0,1,3,14.0,722,east,net_banking,agent,platinum,travel_insurance,1,1
12,2026-05-20,27,18,12000.0,58319.7,4,48888.56,0.18,0,0,1,0,0,3,274,0,13.0,5,22,1,0.0,648,west,auto_debit,mobile,gold,family_health,1,1
12,2026-05-20,27,18,12000.0,58319.7,4,48888.56,0.18,0,0,1,0,0,3,274,0,13.0,5,22,1,0.0,648,west,auto_debit,mobile,gold,critical_illness,1,1
13,2025-07-19,39,3,15087.4,71097.27,0,0.0,0.08,0,0,0,0,0,4,74,0,10.0,0,19,5,0.0,819,east,upi,mobile,gold,family_health,1,1
14,2026-08-04,23,7,13014.13,,3,28254.22,0.13,1,0,0,0,0,1,198,0,21.0,2,8,1,12.0,685,east,auto_debit,agent,silver,motor_addon,1,0
14,2026-08-04,23,7,13014.13,,3,28254.22,0.13,1,0,0,0,0,1,198,0,21.0,2,8,1,12.0,685,east,auto_debit,agent,silver,family_health,1,0
15,2025-05-07,27,3,12000.0,,0,0.0,0.48,0,1,0,0,1,2,101,1,10.0,8,7,4,0.0,740,south,credit_card,agent,gold,travel_insurance,1,0
15,2025-05-07,27,3,12000.0,,0,0.0,0.48,0,1,0,0,1,2,101,1,10.0,8,7,4,0.0,740,south,credit_card,agent,gold,wellness_app,1,0
16,2025-08-06,28,10,12689.1,70083.25,3,32977.37,0.63,0,0,1,0,1,1,25,0,5.0,2,22,1,0.0,789,west,auto_debit,web,platinum,family_health,1,1
16,2025-08-06,28,10,12689.1,70083.25,3,32977.37,0.63,0,0,1,0,1,1,25,0,5.0,2,22,1,0.0,789,west,auto_debit,web,platinum,travel_insurance,1,1
16,2025-08-06,28,10,12689.1,70083.25,3,32977.37,0.63,0,0,1,0,1,1,25,0,5.0,2,22,1,0.0,789,west,auto_debit,web,platinum,critical_illness,1,1
16,2025-08-06,28,10,12689.1,70083.25,3,32977.37,0.63,0,0,1,0,1,1,25,0,5.0,2,22,1,0.0,789,west,auto_debit,web,platinum,renewal_outreach,1,1
17,2026-04-06,53,12,,24333.78,2,6118.51,0.79,1,0,0,1,0,4,296,1,8.0,7,14,4,5.0,653,south,upi,web,silver,motor_addon,1,0
17,2026-04-06,53,12,,24333.78,2,6118.51,0.79,1,0,0,1,0,4,296,1,8.0,7,14,4,5.0,653,south,upi,web,silver,family_health,1,0
17,2026-04-06,53,12,,24333.78,2,6118.51,0.79,1,0,0,1,0,4,296,1,8.0,7,14,4,5.0,653,south,upi,web,silver,home_insurance,1,0
18,2026-02-15,46,2,12000.0,24398.83,1,4977.83,0.38,0,1,1,0,0,1,278,0,7.0,2,3,1,0.0,602,south,upi,web,silver,critical_illness,1,1
18,2026-02-15,46,2,12000.0,24398.83,1,4977.83,0.38,0,1,1,0,0,1,278,0,7.0,2,3,1,0.0,602,south,upi,web,silver,wellness_app,1,1
19,2026-07-19,21,9,12000.0,23074.09,2,14542.65,0.77,1,0,0,1,0,4,126,0,8.0,6,21,5,12.0,797,east,net_banking,agent,silver,motor_addon,1,1
19,2026-07-19,21,9,12000.0,23074.09,2,14542.65,0.77,1,0,0,1,0,4,126,0,8.0,6,21,5,12.0,797,east,net_banking,agent,silver,family_health,1,1
19,2026-07-19,21,9,12000.0,23074.09,2,14542.65,0.77,1,0,0,1,0,4,126,0,8.0,6,21,5,12.0,797,east,net_banking,agent,silver,home_insurance,1,1
20,2026-06-29,24,6,12000.0,40167.17,1,26209.11,0.76,1,1,1,0,0,2,189,0,0.0,1,16,3,,673,north,upi,agent,platinum,motor_addon,1,1
20,2026-06-29,24,6,12000.0,40167.17,1,26209.11,0.76,1,1,1,0,0,2,189,0,0.0,1,16,3,,673,north,upi,agent,platinum,critical_illness,1,1
20,2026-06-29,24,6,12000.0,40167.17,1,26209.11,0.76,1,1,1,0,0,2,189,0,0.0,1,16,3,,673,north,upi,agent,platinum,wellness_app,1,1
